"mean","sd","sd_low","sd_high","season","Year","species"
1.95911611318588,0.183096839168627,1.77601927401726,2.14221295235451,"Apr_Jun","2005","Acartia"
NA,NA,NA,NA,"Apr_Jun","2006","Acartia"
1.55812318045049,0.502817644648179,1.05530553580231,2.06094082509867,"Apr_Jun","2007","Acartia"
1.64290648036533,0.724097283486018,0.918809196879311,2.36700376385135,"Apr_Jun","2008","Acartia"
1.2222119730711,0.497983231225731,0.724228741845367,1.72019520429683,"Apr_Jun","2009","Acartia"
0.522395730018616,0.15918162227193,0.363214107746686,0.681577352290546,"Apr_Jun","2010","Acartia"
1.35489992368886,0.205168789784573,1.14973113390429,1.56006871347344,"Apr_Jun","2011","Acartia"
NA,NA,NA,NA,"Apr_Jun","2012","Acartia"
0,0,0,0,"Apr_Jun","2013","Acartia"
