"mean","sd","sd_low","sd_high","season","Year","species"
1.75621183554331,0.453588213853604,1.30262362168971,2.20980004939692,"Apr_Jun","2005","Calanus_finmarchicus"
2.17929486368523,0.144203119401705,2.03509174428353,2.32349798308694,"Apr_Jun","2006","Calanus_finmarchicus"
0.127014933774869,0.144682652755229,-0.0176677189803603,0.271697586530098,"Apr_Jun","2007","Calanus_finmarchicus"
0.25016565044721,0.27928901155904,-0.0291233611118302,0.52945466200625,"Apr_Jun","2008","Calanus_finmarchicus"
0.0784113942583402,0.0932602441518488,-0.0148488498935086,0.171671638410189,"Apr_Jun","2009","Calanus_finmarchicus"
0.112725854570689,0.181536240586512,-0.0688103860158232,0.2942620951572,"Apr_Jun","2010","Calanus_finmarchicus"
0.240618461171786,0.266766214069249,-0.0261477528974632,0.507384675241035,"Apr_Jun","2011","Calanus_finmarchicus"
0.0114885032176971,0.0662242273169083,-0.0547357240992111,0.0777127305346054,"Apr_Jun","2012","Calanus_finmarchicus"
0,0,0,0,"Apr_Jun","2013","Calanus_finmarchicus"
