"mean","sd","sd_low","sd_high","season","Year","species"
3.10649709893553,0.209404153169342,2.89709294576619,3.31590125210487,"Apr_Jun","2005","Large_copepods"
NA,NA,NA,NA,"Apr_Jun","2006","Large_copepods"
2.18758161268095,0.15014891039232,2.03743270228863,2.33773052307327,"Apr_Jun","2007","Large_copepods"
2.92839050128542,0.123585651963454,2.80480484932197,3.05197615324888,"Apr_Jun","2008","Large_copepods"
1.53170270760854,0.253284960580866,1.27841774702768,1.78498766818941,"Apr_Jun","2009","Large_copepods"
2.70920426646868,0.104145409277092,2.60505885719159,2.81334967574578,"Apr_Jun","2010","Large_copepods"
2.05453334262334,0.24962939420971,1.80490394841363,2.30416273683305,"Apr_Jun","2011","Large_copepods"
NA,NA,NA,NA,"Apr_Jun","2012","Large_copepods"
NA,NA,NA,NA,"Apr_Jun","2013","Large_copepods"
