"mean","sd","sd_low","sd_high","season","Year","species"
2.6216199016571,0.189260744859638,2.43235915679747,2.81088064651674,"Apr_Jun","2005","Calanus_helgolandicus"
2.6614779975234,0.115747504831679,2.54573049269172,2.77722550235507,"Apr_Jun","2006","Calanus_helgolandicus"
1.92118881026904,0.196727155780511,1.72446165448853,2.11791596604955,"Apr_Jun","2007","Calanus_helgolandicus"
2.10733674565951,0.161043733050901,1.94629301260861,2.26838047871041,"Apr_Jun","2008","Calanus_helgolandicus"
1.10864038169384,0.322496851721696,0.786143529972144,1.43113723341554,"Apr_Jun","2009","Calanus_helgolandicus"
1.89785982920573,0.273718433149995,1.62414139605574,2.17157826235573,"Apr_Jun","2010","Calanus_helgolandicus"
1.57656883438428,0.319432164759792,1.25713666962449,1.89600099914407,"Apr_Jun","2011","Calanus_helgolandicus"
3.28558504663665,0.130440563543915,3.15514448309273,3.41602561018056,"Apr_Jun","2012","Calanus_helgolandicus"
NA,NA,NA,NA,"Apr_Jun","2013","Calanus_helgolandicus"
